Username|User_Id|Anime_Id|Anime_Title|Rating_Status|Rating_Score|Num_Epi_Watched|Is_Rewatching|Updated|Start_Date
urgoodfren|0|32998|91 Days|plan_to_watch|0|0|False|2016-12-05T03:32:18+00:00|nan
urgoodfren|0|11759|Accel World|completed|7|24|False|2013-12-13T02:58:52+00:00|nan
urgoodfren|0|31580|Ajin|plan_to_watch|0|0|False|2017-01-06T15:29:15+00:00|nan
urgoodfren|0|30123|Akagami no Shirayuki-hime|completed|8|12|False|2016-05-22T04:39:47+00:00|2016-04-29
urgoodfren|0|31173|Akagami no Shirayuki-hime 2nd Season|completed|8|12|False|2016-05-22T04:39:51+00:00|2016-05-13
urgoodfren|0|22199|Akame ga Kill!|completed|5|24|False|2016-12-11T13:39:07+00:00|2015-03-10
urgoodfren|0|25013|Akatsuki no Yona|completed|8|24|False|2016-12-11T13:39:18+00:00|2016-07-18
urgoodfren|0|47|Akira|plan_to_watch|0|0|False|2017-05-12T07:56:49+00:00|nan
urgoodfren|0|22729|Aldnoah.Zero|completed|8|12|False|2015-05-10T15:11:48+00:00|2015-05-10
urgoodfren|0|27655|Aldnoah.Zero Part 2|completed|4|12|False|2016-12-11T13:39:50+00:00|2015-05-11
urgoodfren|0|8676|Amagami SS|completed|6|25|False|2015-01-10T09:00:45+00:00|nan
urgoodfren|0|11235|Amagami SS+ Plus|completed|6|13|False|2015-01-12T12:52:50+00:00|nan
urgoodfren|0|9925|Amagami SS: Tachibana Miya-hen - Imouto|completed|6|1|False|2015-01-11T05:36:54+00:00|nan
urgoodfren|0|22147|Amagi Brilliant Park|completed|7|13|False|2015-01-13T09:38:51+00:00|nan
urgoodfren|0|6547|Angel Beats!|completed|7|13|False|2016-12-11T13:40:15+00:00|nan
urgoodfren|0|9989|Ano Hi Mita Hana no Namae wo Bokutachi wa Mada Shiranai.|completed|7|11|False|2014-09-03T18:15:14+00:00|nan
urgoodfren|0|11433|Ano Natsu de Matteru|completed|6|12|False|2016-12-11T13:40:24+00:00|nan
urgoodfren|0|24833|Ansatsu Kyoushitsu|completed|8|22|False|2017-01-08T13:25:16+00:00|2017-01-01
urgoodfren|0|30654|Ansatsu Kyoushitsu 2nd Season|completed|9|25|False|2017-01-08T13:25:09+00:00|nan
urgoodfren|0|28405|Ansatsu Kyoushitsu: Deai no Jikan|completed|6|1|False|2017-01-01T11:00:03+00:00|2017-01-01
urgoodfren|0|19759|Ansatsu Kyoushitsu: Jump Festa 2013 Special|completed|0|1|False|2017-01-01T11:00:10+00:00|2017-01-01
urgoodfren|0|21995|Ao Haru Ride|completed|7|12|False|2017-12-12T11:19:50+00:00|2015-04-18
urgoodfren|0|24151|Ao Haru Ride OVA|completed|6|2|False|2017-12-12T11:19:51+00:00|2015-04-23
urgoodfren|0|30205|Aoharu x Kikanjuu|plan_to_watch|0|0|False|2015-11-01T02:05:55+00:00|nan
urgoodfren|0|18893|Aoki Hagane no Arpeggio: Ars Nova|completed|5|12|False|2015-05-12T15:50:41+00:00|nan
urgoodfren|0|2251|Baccano!|completed|7|13|False|2015-02-09T14:16:35+00:00|nan
urgoodfren|0|3901|Baccano! Specials|completed|7|3|False|2015-02-09T14:16:48+00:00|nan
urgoodfren|0|6347|Baka to Test to Shoukanjuu|completed|7|13|False|2016-12-11T13:40:50+00:00|nan
urgoodfren|0|8516|Baka to Test to Shoukanjuu Ni!|completed|8|13|False|2016-12-11T13:40:42+00:00|nan
urgoodfren|0|9471|Baka to Test to Shoukanjuu: Matsuri|completed|7|2|False|2016-12-11T13:40:55+00:00|nan
urgoodfren|0|28805|Bakemono no Ko|plan_to_watch|0|0|False|2017-05-12T07:57:07+00:00|nan
urgoodfren|0|5081|Bakemonogatari|completed|9|15|False|2015-02-08T16:26:13+00:00|nan
urgoodfren|0|34636|Ballroom e Youkoso|plan_to_watch|0|0|False|2017-10-15T08:57:54+00:00|nan
urgoodfren|0|22789|Barakamon|completed|9|12|False|2014-12-27T12:20:31+00:00|nan
urgoodfren|0|10396|Ben-To|completed|4|12|False|2016-12-11T13:41:05+00:00|nan
urgoodfren|0|11285|Black★Rock Shooter (TV)|completed|5|8|False|2016-12-11T13:41:10+00:00|nan
urgoodfren|0|32086|Blame! Movie|plan_to_watch|0|0|False|2017-06-04T15:18:59+00:00|nan
urgoodfren|0|3407|Blassreiter|plan_to_watch|0|0|False|2016-05-14T02:50:42+00:00|nan
urgoodfren|0|31043|Boku dake ga Inai Machi|plan_to_watch|0|0|False|2016-03-27T04:29:34+00:00|nan
urgoodfren|0|31964|Boku no Hero Academia|plan_to_watch|0|0|False|2016-06-26T15:11:22+00:00|nan
urgoodfren|0|10719|Boku wa Tomodachi ga Sukunai|completed|5|12|False|2015-05-12T15:50:57+00:00|nan
urgoodfren|0|14967|Boku wa Tomodachi ga Sukunai Next|completed|6|12|False|2015-05-12T15:51:02+00:00|nan
urgoodfren|0|21405|Bokura wa Minna Kawai-sou|completed|7|12|False|2014-08-24T10:51:33+00:00|nan
urgoodfren|0|14345|Btooom!|completed|7|12|False|2013-12-13T03:00:42+00:00|nan
urgoodfren|0|31478|Bungou Stray Dogs|plan_to_watch|0|0|False|2016-12-05T03:41:10+00:00|nan
urgoodfren|0|1689|Byousoku 5 Centimeter|completed|8|3|False|2013-12-13T03:00:30+00:00|nan
urgoodfren|0|5356|Canaan|completed|7|13|False|2015-01-22T12:16:32+00:00|nan
urgoodfren|0|28999|Charlotte|completed|6|13|False|2016-01-11T12:10:15+00:00|2016-01-06
urgoodfren|0|59|Chobits|completed|7|26|False|2014-07-02T05:29:11+00:00|nan
urgoodfren|0|14741|Chuunibyou demo Koi ga Shitai!|completed|7|12|False|2014-09-03T17:52:08+00:00|nan
urgoodfren|0|16934|Chuunibyou demo Koi ga Shitai! Kirameki no... Slapstick Noel|completed|5|1|False|2016-12-11T13:41:51+00:00|nan
urgoodfren|0|15687|Chuunibyou demo Koi ga Shitai! Lite|completed|5|6|False|2016-12-11T13:41:45+00:00|nan
urgoodfren|0|18671|Chuunibyou demo Koi ga Shitai! Ren|completed|6|12|False|2016-12-11T13:41:54+00:00|nan
urgoodfren|0|2167|Clannad|completed|7|23|False|2014-08-13T18:22:08+00:00|nan
urgoodfren|0|4181|Clannad: After Story|completed|9|24|False|2014-08-13T18:21:49+00:00|nan
urgoodfren|0|6351|Clannad: After Story - Mou Hitotsu no Sekai, Kyou-hen|completed|7|1|False|2014-08-22T07:18:31+00:00|nan
urgoodfren|0|4059|Clannad: Mou Hitotsu no Sekai, Tomoyo-hen|completed|7|1|False|2014-08-22T07:18:25+00:00|nan
urgoodfren|0|1575|Code Geass: Hangyaku no Lelouch|completed|8|25|False|2017-12-05T14:17:39+00:00|2015-01-26
urgoodfren|0|2904|Code Geass: Hangyaku no Lelouch R2|completed|9|25|False|2015-05-12T15:54:46+00:00|nan
urgoodfren|0|1|Cowboy Bebop|completed|8|26|False|2015-01-15T12:15:43+00:00|nan
urgoodfren|0|25731|Cross Ange: Tenshi to Ryuu no Rondo|completed|6|25|False|2015-09-12T06:01:39+00:00|2015-05-16
urgoodfren|0|20031|D-Frag!|completed|7|12|False|2014-11-03T10:26:31+00:00|nan
urgoodfren|0|12549|Dakara Boku wa, H ga Dekinai.|completed|4|12|False|2015-05-12T15:54:54+00:00|nan
urgoodfren|0|14893|Dakara Boku wa, H ga Dekinai. Mie Sugi! Mizugi Contest|completed|4|1|False|2015-05-12T15:54:58+00:00|nan
urgoodfren|0|33028|Danganronpa 3: The End of Kibougamine Gakuen - Zetsubou-hen|plan_to_watch|0|0|False|2016-12-05T03:31:22+00:00|nan
urgoodfren|0|16592|Danganronpa: Kibou no Gakuen to Zetsubou no Koukousei The Animation|completed|4|13|False|2015-05-12T15:55:05+00:00|nan
urgoodfren|0|11843|Danshi Koukousei no Nichijou|completed|7|12|False|2014-11-17T08:54:25+00:00|nan
urgoodfren|0|35849|Darling in the FranXX|completed|6|24|False|2018-10-20T06:39:58+00:00|2018-10-08
urgoodfren|0|15583|Date A Live|completed|5|12|False|2015-03-23T14:48:24+00:00|nan
urgoodfren|0|19163|Date A Live II|completed|5|10|False|2015-03-23T14:48:07+00:00|2015-03-22
urgoodfren|0|17641|Date A Live: Date to Date|completed|5|1|False|2015-03-23T14:48:19+00:00|nan
urgoodfren|0|14353|Death Billiards|completed|8|1|False|2016-12-11T13:43:39+00:00|2015-06-19
urgoodfren|0|1535|Death Note|completed|8|37|False|2017-12-05T14:17:53+00:00|nan
urgoodfren|0|28223|Death Parade|completed|9|12|False|2015-06-09T11:21:36+00:00|2015-06-03
urgoodfren|0|33988|Demi-chan wa Kataritai|plan_to_watch|0|0|False|2017-04-11T15:19:09+00:00|nan
urgoodfren|0|9379|Denpa Onna to Seishun Otoko|completed|5|12|False|2018-10-07T12:32:15+00:00|nan
urgoodfren|0|10638|Denpa Onna to Seishun Otoko: Mayonaka no Taiyou|completed|5|1|False|2018-10-07T12:32:06+00:00|nan
urgoodfren|0|31339|Drifters|plan_to_watch|0|0|False|2017-02-08T13:00:39+00:00|nan
urgoodfren|0|28121|Dungeon ni Deai wo Motomeru no wa Machigatteiru Darou ka|completed|7|13|False|2015-08-21T08:10:44+00:00|2015-08-17
urgoodfren|0|32887|Dungeon ni Deai wo Motomeru no wa Machigatteiru Darou ka Gaiden: Sword Oratoria|completed|4|12|False|2017-10-24T12:47:21+00:00|2017-10-20
urgoodfren|0|32801|Dungeon ni Deai wo Motomeru no wa Machigatteiru Darou ka OVA|completed|4|1|False|2018-10-07T12:26:23+00:00|2018-05-28
urgoodfren|0|32901|Eromanga-sensei|completed|5|12|False|2018-10-07T12:32:31+00:00|2017-12-09
urgoodfren|0|7465|Eve no Jikan (Movie)|completed|8|1|False|2014-06-01T19:10:29+00:00|nan
urgoodfren|0|25537|Fate/stay night Movie: Heaven's Feel - I. Presage Flower|plan_to_watch|0|0|False|2018-04-08T07:21:36+00:00|nan
urgoodfren|0|22297|Fate/stay night: Unlimited Blade Works|completed|9|12|False|2016-02-21T11:05:54+00:00|2016-02-17
urgoodfren|0|28701|Fate/stay night: Unlimited Blade Works 2nd Season|completed|9|13|False|2016-02-24T12:23:22+00:00|2016-02-21
urgoodfren|0|27821|Fate/stay night: Unlimited Blade Works Prologue|completed|9|1|False|2016-02-17T13:13:03+00:00|2016-02-17
urgoodfren|0|10087|Fate/Zero|completed|9|13|False|2016-02-15T09:59:04+00:00|2016-02-13
urgoodfren|0|11741|Fate/Zero 2nd Season|completed|10|12|False|2016-02-17T05:29:33+00:00|2016-02-15
urgoodfren|0|227|FLCL|completed|7|6|False|2014-09-03T17:55:19+00:00|nan
urgoodfren|0|31376|Flying Witch|plan_to_watch|0|0|False|2017-10-15T11:11:56+00:00|nan
urgoodfren|0|18507|Free!|completed|7|12|False|2016-01-26T12:25:22+00:00|2016-01-23
urgoodfren|0|22265|Free! Eternal Summer|completed|7|13|False|2016-01-30T11:00:24+00:00|2016-01-27
urgoodfren|0|5114|Fullmetal Alchemist: Brotherhood|completed|10|64|False|2016-02-13T07:08:42+00:00|2016-02-01
urgoodfren|0|4725|Ga-Rei: Zero|completed|7|12|False|2014-12-27T12:31:41+00:00|nan
urgoodfren|0|24765|Gakkougurashi!|plan_to_watch|0|0|False|2015-11-01T02:04:16+00:00|nan
urgoodfren|0|34280|Gamers!|completed|6|12|False|2018-02-12T12:16:57+00:00|2018-02-11
urgoodfren|0|25183|Gangsta.|plan_to_watch|0|0|False|2015-11-01T02:04:04+00:00|nan
urgoodfren|0|28907|Gate: Jieitai Kanochi nite, Kaku Tatakaeri|completed|7|12|False|2016-12-21T05:18:40+00:00|2016-12-17
urgoodfren|0|31637|Gate: Jieitai Kanochi nite, Kaku Tatakaeri Part 2|completed|7|12|False|2016-12-22T11:10:53+00:00|2016-12-21
urgoodfren|0|23289|Gekkan Shoujo Nozaki-kun|completed|9|12|False|2014-10-19T02:29:13+00:00|nan
urgoodfren|0|16918|Gin no Saji|completed|8|11|False|2016-03-01T11:29:31+00:00|2016-02-25
urgoodfren|0|19363|Gin no Saji 2nd Season|completed|8|11|False|2016-03-06T05:13:32+00:00|2016-03-01
urgoodfren|0|15863|Ginga Kikoutai Majestic Prince|plan_to_watch|0|0|False|2013-12-26T15:15:04+00:00|nan
urgoodfren|0|14811|GJ-bu|completed|6|12|False|2014-09-03T18:04:34+00:00|nan
urgoodfren|0|27631|God Eater|plan_to_watch|0|0|False|2015-11-01T02:01:50+00:00|nan
urgoodfren|0|17895|Golden Time|completed|6|24|False|2014-12-27T12:35:07+00:00|nan
urgoodfren|0|8425|Gosick|completed|7|24|False|2014-08-22T07:19:15+00:00|nan
urgoodfren|0|31629|Granblue Fantasy The Animation|plan_to_watch|0|0|False|2017-10-15T10:12:50+00:00|nan
urgoodfren|0|245|Great Teacher Onizuka|plan_to_watch|0|0|False|2017-05-12T08:02:38+00:00|nan
urgoodfren|0|10793|Guilty Crown|completed|8|22|False|2015-03-15T09:33:23+00:00|2015-03-08
urgoodfren|0|31859|Hai to Gensou no Grimgar|completed|8|12|False|2016-12-26T09:20:01+00:00|2016-12-22
urgoodfren|0|20583|Haikyuu!!|completed|9|25|False|2017-12-05T14:16:32+00:00|2017-01-26
urgoodfren|0|32935|Haikyuu!! Karasuno Koukou vs. Shiratorizawa Gakuen Koukou|completed|10|10|False|2017-02-08T12:41:16+00:00|2017-02-07
urgoodfren|0|28891|Haikyuu!! Second Season|completed|9|25|False|2017-12-05T14:16:42+00:00|2017-01-31
urgoodfren|0|21855|Hanamonogatari|completed|8|5|False|2015-02-26T18:44:41+00:00|nan
urgoodfren|0|9289|Hanasaku Iroha|completed|8|26|False|2014-07-16T18:23:37+00:00|nan
urgoodfren|0|14175|Hanasaku Iroha Movie: Home Sweet Home|completed|9|1|False|2014-07-16T18:16:39+00:00|nan
urgoodfren|0|15809|Hataraku Maou-sama!|completed|8|13|False|2016-03-26T12:16:31+00:00|2014-07-01
urgoodfren|0|15225|Hentai Ouji to Warawanai Neko.|completed|5|12|False|2016-12-11T13:47:06+00:00|nan
urgoodfren|0|27989|Hibike! Euphonium|completed|9|13|False|2015-09-05T11:56:12+00:00|2015-08-30
urgoodfren|0|31988|Hibike! Euphonium 2|completed|9|13|False|2018-01-08T10:16:14+00:00|2018-01-07
urgoodfren|0|8074|Highschool of the Dead|completed|5|12|False|2014-07-15T19:42:07+00:00|nan
urgoodfren|0|33948|Hinako Note|plan_to_watch|0|0|False|2017-06-11T05:54:23+00:00|nan
urgoodfren|0|10408|Hotarubi no Mori e|completed|9|1|False|2014-05-18T17:57:23+00:00|nan
urgoodfren|0|35557|Houseki no Kuni|plan_to_watch|0|0|False|2018-01-02T14:11:20+00:00|nan
urgoodfren|0|12189|Hyouka|completed|10|22|False|2015-06-03T11:28:20+00:00|nan
urgoodfren|0|13469|Hyouka: Motsubeki Mono wa|completed|8|1|False|2013-12-12T14:46:13+00:00|nan
urgoodfren|0|35413|Imouto sae Ireba Ii.|plan_to_watch|0|0|False|2018-03-19T06:41:58+00:00|nan
urgoodfren|0|25159|Inou-Battle wa Nichijou-kei no Naka de|completed|5|12|False|2016-12-11T13:47:02+00:00|2015-08-23
urgoodfren|0|11013|Inu x Boku SS|plan_to_watch|0|0|False|2014-05-01T08:08:54+00:00|nan
urgoodfren|0|34542|Inuyashiki|plan_to_watch|0|0|False|2017-12-09T04:40:10+00:00|nan
urgoodfren|0|21327|Isshuukan Friends.|completed|8|12|False|2014-08-26T08:50:50+00:00|nan
urgoodfren|0|12413|Jormungand|plan_to_watch|0|0|False|2013-11-18T15:03:41+00:00|nan
urgoodfren|0|5680|K-On!|completed|8|13|False|2013-12-13T03:02:03+00:00|nan
urgoodfren|0|9617|K-On! Movie|completed|8|1|False|2013-11-18T15:33:52+00:00|nan
urgoodfren|0|7791|K-On!!|completed|8|26|False|2013-12-13T03:02:14+00:00|nan
urgoodfren|0|34933|Kakegurui|plan_to_watch|0|0|False|2017-10-15T09:12:28+00:00|nan
urgoodfren|0|8525|Kami nomi zo Shiru Sekai|completed|6|12|False|2014-09-03T18:03:11+00:00|nan
urgoodfren|0|10080|Kami nomi zo Shiru Sekai II|completed|7|12|False|2014-06-19T12:03:41+00:00|nan
urgoodfren|0|10805|Kami nomi zo Shiru Sekai: 4-nin to Idol|completed|6|1|False|2014-12-27T12:34:55+00:00|nan
urgoodfren|0|16706|Kami nomi zo Shiru Sekai: Megami-hen|completed|8|12|False|2014-06-20T18:18:34+00:00|nan
urgoodfren|0|15117|Kami nomi zo Shiru Sekai: Tenri-hen|completed|8|2|False|2014-06-19T15:36:21+00:00|nan
urgoodfren|0|10568|Kamisama no Memochou|completed|6|12|False|2018-10-07T12:33:09+00:00|nan
urgoodfren|0|35860|Karakai Jouzu no Takagi-san|plan_to_watch|0|0|False|2017-12-09T04:25:55+00:00|nan
urgoodfren|0|6594|Katanagatari|completed|9|12|False|2014-08-30T06:57:24+00:00|nan
urgoodfren|0|24439|Kekkai Sensen|watching|0|1|False|2016-01-23T09:51:41+00:00|2016-01-23
urgoodfren|0|18679|Kill la Kill|completed|8|24|False|2014-10-26T10:47:45+00:00|nan
urgoodfren|0|21659|Kill la Kill Specials|completed|7|1|False|2016-12-11T13:49:02+00:00|nan
urgoodfren|0|17741|Kimi no Iru Machi|completed|5|12|False|2014-09-03T17:59:41+00:00|nan
urgoodfren|0|11313|Kimi no Iru Machi: Tasogare Kousaten|completed|5|2|False|2014-09-03T17:59:52+00:00|nan
urgoodfren|0|32281|Kimi no Na wa.|completed|8|1|False|2017-01-22T05:56:30+00:00|2017-01-22
urgoodfren|0|486|Kino no Tabi: The Beautiful World|plan_to_watch|0|0|False|2018-04-21T04:21:37+00:00|nan
urgoodfren|0|22535|Kiseijuu: Sei no Kakuritsu|completed|9|24|False|2015-08-26T11:05:53+00:00|2015-08-06
urgoodfren|0|31798|Kiznaiver|completed|6|12|False|2016-12-11T13:49:14+00:00|2016-10-17
urgoodfren|0|9260|Kizumonogatari I: Tekketsu-hen|plan_to_watch|0|0|False|2016-12-07T11:59:36+00:00|nan
urgoodfren|0|31757|Kizumonogatari II: Nekketsu-hen|plan_to_watch|0|0|False|2017-09-15T13:12:14+00:00|nan
urgoodfren|0|31758|Kizumonogatari III: Reiketsu-hen|plan_to_watch|0|0|False|2017-09-15T13:12:16+00:00|nan
urgoodfren|0|33206|Kobayashi-san Chi no Maid Dragon|plan_to_watch|0|0|False|2017-04-11T15:18:44+00:00|nan
urgoodfren|0|12175|Koi to Senkyo to Chocolate|completed|6|12|False|2015-09-12T06:01:55+00:00|2015-03-25
urgoodfren|0|34984|Koi wa Ameagari no You ni|completed|7|12|False|2018-05-24T10:03:54+00:00|2018-05-19
urgoodfren|0|11887|Kokoro Connect|completed|8|13|False|2013-12-13T02:58:03+00:00|nan
urgoodfren|0|16001|Kokoro Connect: Michi Random|completed|8|4|False|2015-01-15T12:14:31+00:00|nan
urgoodfren|0|15227|Kono Sekai no Katasumi ni|plan_to_watch|0|0|False|2017-01-06T15:45:46+00:00|nan
urgoodfren|0|30831|Kono Subarashii Sekai ni Shukufuku wo!|completed|7|10|False|2016-06-05T06:50:26+00:00|2016-05-28
urgoodfren|0|32937|Kono Subarashii Sekai ni Shukufuku wo! 2|completed|7|10|False|2017-05-15T09:02:13+00:00|2017-05-13
urgoodfren|0|32380|Kono Subarashii Sekai ni Shukufuku wo!: Kono Subarashii Choker ni Shukufuku wo!|completed|6|1|False|2017-01-20T07:17:11+00:00|2017-01-17
urgoodfren|0|16782|Kotonoha no Niwa|completed|8|1|False|2014-09-28T04:15:11+00:00|nan
urgoodfren|0|28623|Koutetsujou no Kabaneri|completed|6|12|False|2016-11-12T17:10:10+00:00|nan
urgoodfren|0|433|Kumo no Mukou, Yakusoku no Basho|completed|6|1|False|2017-07-04T07:09:42+00:00|2017-07-04
urgoodfren|0|8129|Kuragehime|completed|8|11|False|2015-04-22T11:51:33+00:00|2015-04-09
urgoodfren|0|11771|Kuroko no Basket|plan_to_watch|0|0|False|2016-03-08T13:56:48+00:00|nan
urgoodfren|0|32949|Kuzu no Honkai|completed|7|12|False|2017-09-23T10:49:04+00:00|2017-06-30
urgoodfren|0|18153|Kyoukai no Kanata|completed|7|12|False|2016-07-16T11:49:23+00:00|2016-06-13
urgoodfren|0|28675|Kyoukai no Kanata Movie 2: I'll Be Here - Mirai-hen|completed|8|1|False|2016-07-16T11:49:31+00:00|2016-07-02
urgoodfren|0|23385|Kyoukai no Kanata: Shinonome|completed|7|1|False|2016-07-17T11:57:12+00:00|2016-07-17
urgoodfren|0|10456|Kyoukaisenjou no Horizon|completed|6|13|False|2015-04-04T11:09:44+00:00|2015-04-02
urgoodfren|0|12487|Kyoukaisenjou no Horizon II|completed|7|13|False|2015-04-09T14:32:12+00:00|2015-04-05
urgoodfren|0|19703|Kyousou Giga (TV)|plan_to_watch|0|0|False|2017-05-12T08:08:29+00:00|nan
urgoodfren|0|33489|Little Witch Academia (TV)|plan_to_watch|0|0|False|2017-10-15T10:21:46+00:00|nan
urgoodfren|0|17265|Log Horizon|completed|9|25|False|2014-10-13T02:40:00+00:00|nan
urgoodfren|0|23321|Log Horizon 2nd Season|completed|7|25|False|2015-05-03T06:41:51+00:00|2015-04-26
urgoodfren|0|16353|Love Lab|plan_to_watch|0|0|False|2015-10-01T11:09:18+00:00|nan
urgoodfren|0|17247|Machine-Doll wa Kizutsukanai|completed|6|12|False|2015-01-15T12:12:22+00:00|nan
urgoodfren|0|34599|Made in Abyss|completed|9|13|False|2017-12-25T15:22:12+00:00|2017-12-19
urgoodfren|0|14513|Magi: The Labyrinth of Magic|plan_to_watch|0|0|False|2014-05-04T08:07:26+00:00|nan
urgoodfren|0|9756|Mahou Shoujo Madoka★Magica|completed|7|12|False|2014-09-03T18:10:02+00:00|nan
urgoodfren|0|11977|Mahou Shoujo Madoka★Magica Movie 1: Hajimari no Monogatari|completed|6|1|False|2014-09-03T18:09:49+00:00|nan
urgoodfren|0|11979|Mahou Shoujo Madoka★Magica Movie 2: Eien no Monogatari|completed|6|1|False|2014-09-03T18:09:56+00:00|nan
urgoodfren|0|11981|Mahou Shoujo Madoka★Magica Movie 3: Hangyaku no Monogatari|completed|9|1|False|2014-07-15T19:40:21+00:00|nan
urgoodfren|0|34745|Mahoujin Guruguru (2017)|plan_to_watch|0|0|False|2018-01-07T05:41:41+00:00|nan
urgoodfren|0|20785|Mahouka Koukou no Rettousei|completed|7|26|False|2014-10-06T05:59:08+00:00|nan
urgoodfren|0|35062|Mahoutsukai no Yome|plan_to_watch|0|0|False|2017-09-15T13:15:04+00:00|nan
urgoodfren|0|21863|Mangaka-san to Assistant-san to The Animation|completed|5|12|False|2014-11-02T11:24:51+00:00|nan
urgoodfren|0|14833|Maoyuu Maou Yuusha|completed|7|12|False|2014-09-05T07:05:08+00:00|nan
urgoodfren|0|33487|Masamune-kun no Revenge|plan_to_watch|0|0|False|2017-02-08T13:11:26+00:00|nan
urgoodfren|0|10110|Mayo Chiki!|completed|6|13|False|2014-07-15T19:40:08+00:00|nan
urgoodfren|0|10620|Mirai Nikki (TV)|completed|6|26|False|2014-08-22T07:17:49+00:00|nan
urgoodfren|0|16762|Mirai Nikki: Redial|completed|6|1|False|2014-09-03T18:05:39+00:00|nan
urgoodfren|0|32182|Mob Psycho 100|completed|7|12|False|2017-01-01T10:49:09+00:00|2016-12-28
urgoodfren|0|17074|Monogatari Series: Second Season|completed|10|26|False|2015-02-22T11:43:15+00:00|2015-02-14
urgoodfren|0|2246|Mononoke|plan_to_watch|0|0|False|2017-06-07T10:06:08+00:00|nan
urgoodfren|0|164|Mononoke Hime|plan_to_watch|0|0|False|2017-05-12T07:56:41+00:00|nan
urgoodfren|0|457|Mushishi|plan_to_watch|0|0|False|2017-05-12T08:01:06+00:00|nan
urgoodfren|0|16067|Nagi no Asu kara|completed|8|26|False|2015-03-20T13:16:46+00:00|2015-03-15
urgoodfren|0|23755|Nanatsu no Taizai|completed|8|24|False|2018-10-07T12:33:46+00:00|2015-05-30
urgoodfren|0|34577|Nanatsu no Taizai: Imashime no Fukkatsu|plan_to_watch|0|0|False|2018-04-08T07:19:20+00:00|nan
urgoodfren|0|31722|Nanatsu no Taizai: Seisen no Shirushi|plan_to_watch|0|0|False|2016-12-05T03:35:09+00:00|nan
urgoodfren|0|4081|Natsume Yuujinchou|plan_to_watch|0|0|False|2017-05-12T08:01:40+00:00|nan
urgoodfren|0|31764|Nejimaki Seirei Senki: Tenkyou no Alderamin|completed|8|13|False|2017-12-14T16:28:10+00:00|2017-12-13
urgoodfren|0|15689|Nekomonogatari: Kuro|completed|8|4|False|2014-06-14T18:01:57+00:00|nan
urgoodfren|0|14293|Nerawareta Gakuen|completed|6|1|False|2015-04-25T07:42:29+00:00|2015-04-25
urgoodfren|0|36038|Net-juu no Susume|completed|7|10|False|2018-10-07T12:27:51+00:00|2018-06-27
urgoodfren|0|10165|Nichijou|completed|9|26|False|2014-04-19T18:40:47+00:00|nan
urgoodfren|0|18897|Nisekoi|completed|7|20|False|2015-08-29T17:23:07+00:00|nan
urgoodfren|0|27787|Nisekoi:|completed|7|12|False|2015-08-23T02:45:34+00:00|2015-08-21
urgoodfren|0|11597|Nisemonogatari|completed|8|11|False|2014-06-14T10:59:51+00:00|nan
urgoodfren|0|19815|No Game No Life|completed|7|12|False|2014-09-10T06:31:28+00:00|nan
urgoodfren|0|33674|No Game No Life: Zero|plan_to_watch|0|0|False|2017-12-09T04:27:50+00:00|nan
urgoodfren|0|24135|Nobunaga Concerto|completed|8|10|False|2015-01-24T11:16:36+00:00|nan
urgoodfren|0|11933|Oda Nobuna no Yabou|completed|6|12|False|2017-12-12T11:14:48+00:00|nan
urgoodfren|0|30276|One Punch Man|completed|9|12|False|2017-02-01T16:13:09+00:00|2016-06-20
urgoodfren|0|31772|One Punch Man Specials|watching|0|0|False|2016-06-26T10:20:32+00:00|2016-06-26
urgoodfren|0|31704|One Punch Man: Road to Hero|completed|7|0|False|2016-06-26T10:19:39+00:00|2016-06-26
urgoodfren|0|12355|Ookami Kodomo no Ame to Yuki|plan_to_watch|0|0|False|2017-08-07T03:44:07+00:00|2015-09-06
urgoodfren|0|23673|Ookami Shoujo to Kuro Ouji|completed|6|12|False|2016-12-11T13:51:45+00:00|2015-04-07
urgoodfren|0|2966|Ookami to Koushinryou|completed|10|13|False|2015-08-29T17:22:51+00:00|nan
urgoodfren|0|5341|Ookami to Koushinryou II|completed|10|12|False|2014-06-01T06:33:21+00:00|nan
urgoodfren|0|6007|Ookami to Koushinryou II: Ookami to Kohakuiro no Yuuutsu|completed|9|1|False|2014-07-15T19:39:27+00:00|nan
urgoodfren|0|32729|Orange|plan_to_watch|0|0|False|2017-10-15T10:52:49+00:00|nan
urgoodfren|0|28297|Ore Monogatari!!|completed|8|24|False|2016-12-11T13:51:55+00:00|2015-12-29
urgoodfren|0|8769|Ore no Imouto ga Konnani Kawaii Wake ga Nai|completed|6|12|False|2015-05-12T16:23:28+00:00|nan
urgoodfren|0|10020|Ore no Imouto ga Konnani Kawaii Wake ga Nai Specials|completed|6|4|False|2014-09-03T18:02:25+00:00|nan
urgoodfren|0|13659|Ore no Imouto ga Konnani Kawaii Wake ga Nai.|completed|6|13|False|2015-05-12T16:23:38+00:00|nan
urgoodfren|0|18857|Ore no Imouto ga Konnani Kawaii Wake ga Nai. Specials|completed|4|3|False|2015-05-12T16:23:47+00:00|nan
urgoodfren|0|14749|Ore no Kanojo to Osananajimi ga Shuraba Sugiru|completed|6|13|False|2015-05-12T16:23:53+00:00|nan
urgoodfren|0|1060|Oruchuban Ebichu|watching|0|2|False|2017-11-05T15:46:34+00:00|2017-11-05
urgoodfren|0|19369|Outbreak Company|completed|6|12|False|2018-10-07T12:32:55+00:00|nan
urgoodfren|0|29803|Overlord|completed|8|13|False|2016-01-23T09:51:48+00:00|2016-01-22
urgoodfren|0|35073|Overlord II|completed|8|13|False|2018-05-19T05:53:17+00:00|2018-05-17
urgoodfren|0|31181|Owarimonogatari|completed|7|12|False|2016-03-19T09:46:48+00:00|2016-03-07
urgoodfren|0|35247|Owarimonogatari 2nd Season|plan_to_watch|0|0|False|2017-09-15T13:09:58+00:00|nan
urgoodfren|0|11179|Papa no Iukoto wo Kikinasai!|completed|6|12|False|2016-07-01T12:13:17+00:00|2016-06-30
urgoodfren|0|437|Perfect Blue|plan_to_watch|0|0|False|2017-05-12T07:57:22+00:00|nan
urgoodfren|0|22135|Ping Pong the Animation|completed|10|11|False|2015-04-18T13:46:39+00:00|2015-04-15
urgoodfren|0|27775|Plastic Memories|completed|6|13|False|2015-09-12T06:00:29+00:00|2015-09-06
urgoodfren|0|10711|Plastic Neesan|completed|6|12|False|2015-05-12T16:24:00+00:00|nan
urgoodfren|0|35240|Princess Principal|completed|7|12|False|2018-10-07T12:33:19+00:00|2017-12-02
urgoodfren|0|30240|Prison School|plan_to_watch|0|0|False|2015-11-01T02:01:26+00:00|nan
urgoodfren|0|13601|Psycho-Pass|completed|9|22|False|2016-01-20T13:31:22+00:00|2016-01-12
urgoodfren|0|23281|Psycho-Pass 2|completed|7|11|False|2016-01-21T13:47:56+00:00|2016-01-20
urgoodfren|0|21339|Psycho-Pass Movie|completed|8|1|False|2016-01-28T16:45:48+00:00|2015-01-29
urgoodfren|0|33926|Quanzhi Gaoshou|completed|7|12|False|2018-12-13T06:44:06+00:00|2018-12-11
urgoodfren|0|30296|Rakudai Kishi no Cavalry|completed|7|12|False|2016-12-11T13:53:28+00:00|2016-01-30
urgoodfren|0|34561|Re:Creators|plan_to_watch|0|0|False|2017-04-11T15:39:59+00:00|nan
urgoodfren|0|31240|Re:Zero kara Hajimeru Isekai Seikatsu|completed|9|25|False|2016-12-21T05:18:28+00:00|2016-12-07
urgoodfren|0|30015|ReLIFE|completed|8|13|False|2016-10-14T11:11:26+00:00|2016-08-08
urgoodfren|0|32262|Renai Boukun|plan_to_watch|0|0|False|2017-04-11T15:39:36+00:00|nan
urgoodfren|0|13599|Robotics;Notes|completed|5|22|False|2015-09-12T06:01:28+00:00|2015-05-20
urgoodfren|0|28497|Rokka no Yuusha|completed|7|12|False|2016-04-03T05:35:45+00:00|2016-03-27
urgoodfren|0|22865|Rokujouma no Shinryakusha!?|completed|5|12|False|2015-03-23T14:49:30+00:00|nan
urgoodfren|0|21561|Ryuugajou Nanana no Maizoukin|completed|6|11|False|2017-12-12T11:13:30+00:00|nan
urgoodfren|0|23277|Saenai Heroine no Sodatekata|completed|8|12|False|2018-10-07T12:33:36+00:00|2015-04-25
urgoodfren|0|30727|Saenai Heroine no Sodatekata ♭|completed|7|11|False|2018-10-07T12:31:30+00:00|2018-09-28
urgoodfren|0|35338|Saenai Heroine no Sodatekata ♭: Koi to Junjou no Service-kai|completed|7|1|False|2018-10-07T12:31:10+00:00|2018-09-23
urgoodfren|0|29317|Saenai Heroine no Sodatekata: Ai to Seishun no Service-kai|completed|7|1|False|2015-04-28T13:02:57+00:00|2015-04-25
urgoodfren|0|12531|Sakamichi no Apollon|completed|9|12|False|2014-08-11T18:14:55+00:00|nan
urgoodfren|0|32542|Sakamoto desu ga?|plan_to_watch|0|0|False|2016-06-26T15:11:58+00:00|nan
urgoodfren|0|34494|Sakura Quest|plan_to_watch|0|0|False|2017-05-09T05:37:14+00:00|nan
urgoodfren|0|13759|Sakura-sou no Pet na Kanojo|completed|7|24|False|2016-12-11T13:55:35+00:00|nan
urgoodfren|0|30187|Sakurako-san no Ashimoto ni wa Shitai ga Umatteiru|completed|6|12|False|2016-12-11T13:56:01+00:00|2016-04-17
urgoodfren|0|11499|Sankarea|completed|7|12|False|2014-09-03T18:07:41+00:00|nan
urgoodfren|0|13055|Sankarea OVA|completed|7|2|False|2014-09-03T17:53:53+00:00|nan
urgoodfren|0|16694|Sankarea: Wagahai mo... Zombie de Aru...|completed|7|1|False|2014-09-03T18:07:20+00:00|nan
urgoodfren|0|35851|Sayonara no Asa ni Yakusoku no Hana wo Kazarou|plan_to_watch|0|0|False|2018-04-08T07:16:22+00:00|nan
urgoodfren|0|2605|Sayonara Zetsubou Sensei|plan_to_watch|0|0|False|2017-05-12T08:09:16+00:00|nan
urgoodfren|0|1827|Seirei no Moribito|completed|8|26|False|2018-02-12T12:17:03+00:00|2018-01-14
urgoodfren|0|5909|Seitokai no Ichizon|completed|6|12|False|2017-12-12T11:12:50+00:00|2015-02-23
urgoodfren|0|10464|Seitokai no Ichizon Lv.2|completed|6|10|False|2017-12-12T11:12:51+00:00|nan
urgoodfren|0|8675|Seitokai Yakuindomo|completed|7|13|False|2014-08-06T05:02:15+00:00|nan
urgoodfren|0|20847|Seitokai Yakuindomo*|completed|8|13|False|2014-08-09T06:23:21+00:00|nan
urgoodfren|0|339|Serial Experiments Lain|plan_to_watch|0|0|False|2017-12-12T11:25:19+00:00|nan
urgoodfren|0|23273|Shigatsu wa Kimi no Uso|completed|9|22|False|2016-02-17T05:29:58+00:00|2015-05-08
urgoodfren|0|29786|Shimoneta to Iu Gainen ga Sonzai Shinai Taikutsu na Sekai|plan_to_watch|0|0|False|2016-04-02T16:23:01+00:00|nan
urgoodfren|0|21843|Shingeki no Bahamut: Genesis|plan_to_watch|0|0|False|2017-05-09T05:36:12+00:00|nan
urgoodfren|0|30736|Shingeki no Bahamut: Virgin Soul|plan_to_watch|0|0|False|2017-05-09T05:36:02+00:00|nan
urgoodfren|0|16498|Shingeki no Kyojin|completed|8|25|False|2015-04-25T03:57:05+00:00|2015-04-20
urgoodfren|0|18397|Shingeki no Kyojin OVA|completed|7|3|False|2015-04-29T11:20:29+00:00|2015-04-29
urgoodfren|0|25777|Shingeki no Kyojin Season 2|completed|8|12|False|2017-10-04T09:04:05+00:00|2017-09-30
urgoodfren|0|25781|Shingeki no Kyojin: Kuinaki Sentaku|completed|8|2|False|2015-04-29T11:20:47+00:00|2015-04-29
urgoodfren|0|30|Shinseiki Evangelion|completed|8|26|False|2015-02-23T11:02:36+00:00|2015-02-11
urgoodfren|0|32|Shinseiki Evangelion Movie: Air/Magokoro wo, Kimi ni|completed|8|1|False|2015-03-24T12:58:49+00:00|nan
urgoodfren|0|13125|Shinsekai yori|completed|9|25|False|2014-11-09T09:20:32+00:00|nan
urgoodfren|0|25835|Shirobako|completed|9|24|False|2015-07-24T06:05:00+00:00|2015-06-10
urgoodfren|0|28171|Shokugeki no Souma|completed|9|24|False|2016-04-16T06:00:13+00:00|2016-04-03
urgoodfren|0|32282|Shokugeki no Souma: Ni no Sara|completed|8|13|False|2016-12-21T05:18:17+00:00|2016-12-11
urgoodfren|0|440|Shoujo Kakumei Utena|plan_to_watch|0|0|False|2017-05-12T08:08:44+00:00|nan
urgoodfren|0|35838|Shoujo Shuumatsu Ryokou|plan_to_watch|0|0|False|2018-04-08T07:24:09+00:00|nan
urgoodfren|0|28735|Shouwa Genroku Rakugo Shinjuu|plan_to_watch|0|0|False|2017-01-12T11:05:12+00:00|nan
urgoodfren|0|6802|So Ra No Wo To|completed|7|12|False|2015-05-28T12:06:37+00:00|2015-05-22
urgoodfren|0|8197|So Ra No Wo To Specials|completed|7|2|False|2015-05-28T14:20:15+00:00|2015-05-27
urgoodfren|0|1965|Sola|completed|5|13|False|2015-04-02T11:16:14+00:00|2015-03-25
urgoodfren|0|35839|Sora yori mo Tooi Basho|completed|7|13|False|2018-10-07T12:30:05+00:00|2018-07-14
urgoodfren|0|35847|SSSS.Gridman|plan_to_watch|0|0|False|2018-12-02T05:34:50+00:00|nan
urgoodfren|0|9253|Steins;Gate|completed|9|24|False|2016-02-17T05:29:50+00:00|nan
urgoodfren|0|11577|Steins;Gate Movie: Fuka Ryouiki no Déjà vu|completed|9|1|False|2014-05-24T19:01:40+00:00|nan
urgoodfren|0|10863|Steins;Gate: Oukoubakko no Poriomania|completed|8|1|False|2013-12-13T03:03:08+00:00|nan
urgoodfren|0|2418|Stranger: Mukou Hadan|plan_to_watch|0|0|False|2016-04-09T05:02:29+00:00|nan
urgoodfren|0|18277|Strike the Blood|completed|6|24|False|2014-12-27T12:37:33+00:00|nan
urgoodfren|0|16524|Suisei no Gargantia|completed|7|13|False|2015-12-24T09:01:39+00:00|2015-12-19
urgoodfren|0|19211|Suisei no Gargantia Specials|completed|6|2|False|2016-12-11T13:58:15+00:00|2015-12-25
urgoodfren|0|14289|Suki tte Ii na yo.|completed|5|13|False|2014-08-22T07:16:48+00:00|nan
urgoodfren|0|5681|Summer Wars|plan_to_watch|0|0|False|2013-11-18T15:00:08+00:00|nan
urgoodfren|0|7311|Suzumiya Haruhi no Shoushitsu|completed|10|1|False|2014-09-09T07:55:26+00:00|nan
urgoodfren|0|849|Suzumiya Haruhi no Yuuutsu|completed|7|14|False|2015-05-12T16:26:00+00:00|nan
urgoodfren|0|4382|Suzumiya Haruhi no Yuuutsu (2009)|completed|6|14|False|2015-05-12T16:26:02+00:00|nan
urgoodfren|0|11757|Sword Art Online|completed|7|25|False|2014-08-09T06:24:14+00:00|nan
urgoodfren|0|21881|Sword Art Online II|completed|6|24|False|2015-05-12T16:26:55+00:00|nan
urgoodfren|0|27891|Sword Art Online II: Debriefing|completed|3|1|False|2015-01-14T17:07:18+00:00|nan
urgoodfren|0|20021|Sword Art Online: Extra Edition|completed|5|1|False|2014-09-03T18:08:41+00:00|nan
urgoodfren|0|4884|Tales of the Abyss|completed|6|26|False|2015-05-14T14:52:58+00:00|nan
urgoodfren|0|30911|Tales of Zestiria the Cross|completed|7|12|False|2018-10-07T12:28:50+00:00|2018-06-29
urgoodfren|0|34086|Tales of Zestiria the Cross 2nd Season|completed|5|13|False|2018-10-07T12:29:36+00:00|2018-06-30
urgoodfren|0|33558|Tales of Zestiria the Cross: Saiyaku no Jidai|completed|7|1|False|2018-10-07T12:28:26+00:00|2018-06-29
urgoodfren|0|21647|Tamako Love Story|completed|7|1|False|2015-05-03T13:01:24+00:00|2015-05-03
urgoodfren|0|16417|Tamako Market|completed|7|12|False|2015-05-12T16:27:08+00:00|2015-03-03
urgoodfren|0|32093|Tanaka-kun wa Itsumo Kedaruge|completed|9|12|False|2016-07-16T10:05:03+00:00|2016-07-02
urgoodfren|0|13333|Tari Tari|completed|7|13|False|2016-12-11T13:59:56+00:00|2015-03-26
urgoodfren|0|12445|Tasogare Otome x Amnesia|completed|7|12|False|2015-04-02T11:16:07+00:00|2015-03-29
urgoodfren|0|2001|Tengen Toppa Gurren Lagann|completed|8|27|False|2015-03-03T12:31:41+00:00|nan
urgoodfren|0|10278|The iDOLM@STER|completed|8|25|False|2014-07-31T18:56:10+00:00|nan
urgoodfren|0|23587|The iDOLM@STER Cinderella Girls|completed|7|13|False|2017-01-20T07:17:07+00:00|2017-01-19
urgoodfren|0|30344|The iDOLM@STER Cinderella Girls 2nd Season|completed|7|12|False|2017-01-25T15:09:06+00:00|2017-01-21
urgoodfren|0|14835|The iDOLM@STER Shiny Festa|completed|6|3|False|2015-05-12T16:27:55+00:00|nan
urgoodfren|0|11889|The iDOLM@STER: 765 Pro to Iu Monogatari|completed|6|1|False|2015-05-12T16:27:53+00:00|nan
urgoodfren|0|9941|Tiger & Bunny|plan_to_watch|0|0|False|2017-10-14T08:50:44+00:00|nan
urgoodfren|0|6213|Toaru Kagaku no Railgun|completed|8|24|False|2016-12-11T14:00:18+00:00|2015-09-08
urgoodfren|0|16049|Toaru Kagaku no Railgun S|completed|8|24|False|2015-10-23T17:23:13+00:00|2015-09-22
urgoodfren|0|9047|Toaru Kagaku no Railgun: Misaka-san wa Ima Chuumoku no Mato desu kara|completed|7|1|False|2015-09-17T13:54:29+00:00|2015-09-16
urgoodfren|0|4654|Toaru Majutsu no Index|completed|6|24|False|2015-11-15T08:40:15+00:00|2015-09-19
urgoodfren|0|8937|Toaru Majutsu no Index II|watching|0|1|False|2015-12-18T13:49:33+00:00|2015-12-18
urgoodfren|0|2236|Toki wo Kakeru Shoujo|completed|8|1|False|2017-05-12T06:13:34+00:00|2017-05-12
urgoodfren|0|22319|Tokyo Ghoul|completed|7|12|False|2017-12-12T11:10:24+00:00|2015-05-03
urgoodfren|0|27899|Tokyo Ghoul √A|completed|4|12|False|2017-12-12T11:10:23+00:00|2015-05-05
urgoodfren|0|16011|Tokyo Ravens|completed|7|24|False|2018-01-02T14:11:06+00:00|2017-12-15
urgoodfren|0|14227|Tonari no Kaibutsu-kun|completed|7|13|False|2015-05-12T16:28:16+00:00|nan
urgoodfren|0|16866|Tonari no Kaibutsu-kun: Tonari no Gokudou-kun|completed|6|1|False|2015-05-12T16:28:14+00:00|nan
urgoodfren|0|523|Tonari no Totoro|completed|7|1|False|2014-10-06T11:30:25+00:00|nan
urgoodfren|0|4224|Toradora!|completed|8|25|False|2014-07-02T05:31:20+00:00|nan
urgoodfren|0|34822|Tsuki ga Kirei|completed|8|12|False|2018-01-12T11:29:29+00:00|2018-01-11
urgoodfren|0|28025|Tsukimonogatari|completed|8|4|False|2015-03-14T05:27:42+00:00|nan
urgoodfren|0|34902|Tsurezure Children|completed|7|12|False|2018-10-07T12:27:16+00:00|2018-06-02
urgoodfren|0|17909|Uchouten Kazoku|plan_to_watch|0|0|False|2017-10-15T10:21:07+00:00|nan
urgoodfren|0|10162|Usagi Drop|completed|9|11|False|2015-04-06T07:20:11+00:00|2015-04-02
urgoodfren|0|11113|Usagi Drop Specials|completed|8|4|False|2015-04-06T07:20:33+00:00|2015-04-02
urgoodfren|0|33352|Violet Evergarden|completed|7|13|False|2018-10-07T12:30:35+00:00|2018-08-04
urgoodfren|0|18245|White Album 2|completed|7|13|False|2016-12-11T14:01:00+00:00|nan
urgoodfren|0|21085|Witch Craft Works|completed|5|12|False|2015-05-12T16:28:46+00:00|2015-01-24
urgoodfren|0|6956|Working!!|completed|0|13|False|2017-05-29T05:34:45+00:00|2017-05-15
urgoodfren|0|10521|Working'!!|completed|0|13|False|2017-06-23T12:21:39+00:00|nan
urgoodfren|0|14813|Yahari Ore no Seishun Love Comedy wa Machigatteiru.|completed|8|13|False|2015-08-09T10:13:19+00:00|nan
urgoodfren|0|23847|Yahari Ore no Seishun Love Comedy wa Machigatteiru. Zoku|completed|9|13|False|2015-08-16T11:47:20+00:00|2015-08-10
urgoodfren|0|33161|Yahari Ore no Seishun Love Comedy wa Machigatteiru. Zoku OVA|completed|9|1|False|2017-04-21T06:26:33+00:00|2017-04-21
urgoodfren|0|28677|Yamada-kun to 7-nin no Majo|completed|7|12|False|2015-12-29T07:01:31+00:00|2015-12-26
urgoodfren|0|7785|Yojouhan Shinwa Taikei|plan_to_watch|0|0|False|2013-12-27T19:10:10+00:00|nan
urgoodfren|0|32615|Youjo Senki|completed|8|12|False|2017-05-10T11:38:58+00:00|2017-04-25
urgoodfren|0|35507|Youkoso Jitsuryoku Shijou Shugi no Kyoushitsu e|plan_to_watch|0|0|False|2017-10-20T18:20:40+00:00|nan
urgoodfren|0|18497|Yozakura Quartet: Hana no Uta|completed|7|13|False|2014-09-27T11:04:58+00:00|nan
urgoodfren|0|32995|Yuri!!! on Ice|completed|9|12|False|2017-10-06T13:08:29+00:00|2017-10-05
urgoodfren|0|34798|Yuru Camp△|plan_to_watch|0|0|False|2018-04-08T07:18:56+00:00|nan
urgoodfren|0|23283|Zankyou no Terror|completed|8|11|False|2014-10-11T05:21:02+00:00|nan
urgoodfren|0|34176|Zero kara Hajimeru Mahou no Sho|completed|5|12|False|2017-09-28T10:29:17+00:00|2017-09-01
urgoodfren|0|14075|Zetsuen no Tempest|completed|8|24|False|2015-04-15T07:21:24+00:00|2015-04-11
urgoodfren|0|31245|Zutto Mae kara Suki deshita. Kokuhaku Jikkou Iinkai|completed|6|1|False|2017-05-11T05:43:26+00:00|2017-05-11
